user_id,event_type,event_timestamp
068cf775-9099-4e07-a9ed-0e2714f21d90,started_course,2025-03-24 22:19:10.400664
068cf775-9099-4e07-a9ed-0e2714f21d90,started_course,2025-03-25 22:20:19.052032
068cf775-9099-4e07-a9ed-0e2714f21d90,bookmarked_resource,2025-05-01 01:27:32.679092
068cf775-9099-4e07-a9ed-0e2714f21d90,shared_content,2025-05-12 08:18:31.518128
068cf775-9099-4e07-a9ed-0e2714f21d90,finished_lesson,2025-06-08 04:10:08.356193
068cf775-9099-4e07-a9ed-0e2714f21d90,joined_community,2025-06-17 22:46:43.989298
068cf775-9099-4e07-a9ed-0e2714f21d90,started_course,2025-06-22 17:52:18.438910
068cf775-9099-4e07-a9ed-0e2714f21d90,submitted_feedback,2025-06-25 20:52:54.928974
068cf775-9099-4e07-a9ed-0e2714f21d90,opened_email,2025-06-26 14:13:39.478202
068cf775-9099-4e07-a9ed-0e2714f21d90,completed_quiz,2025-08-23 20:28:47.227567
068cf775-9099-4e07-a9ed-0e2714f21d90,clicked_link,2025-08-23 22:41:44.755778
068cf775-9099-4e07-a9ed-0e2714f21d90,started_course,2025-09-01 09:19:42.763874
068cf775-9099-4e07-a9ed-0e2714f21d90,rated_course,2025-09-02 08:09:52.813986
091a3fe4-ea7c-4e77-9c89-c576b6456596,completed_quiz,2025-03-13 20:32:59.608253
091a3fe4-ea7c-4e77-9c89-c576b6456596,rated_course,2025-03-25 13:26:45.214596
091a3fe4-ea7c-4e77-9c89-c576b6456596,started_course,2025-03-26 09:51:47.513718
091a3fe4-ea7c-4e77-9c89-c576b6456596,attended_webinar,2025-04-01 12:06:57.730868
091a3fe4-ea7c-4e77-9c89-c576b6456596,shared_content,2025-04-02 05:43:44.865375
091a3fe4-ea7c-4e77-9c89-c576b6456596,submitted_feedback,2025-04-02 14:39:34.390368
091a3fe4-ea7c-4e77-9c89-c576b6456596,started_course,2025-04-26 04:51:43.511944
091a3fe4-ea7c-4e77-9c89-c576b6456596,downloaded_resource,2025-05-06 19:14:50.448151
091a3fe4-ea7c-4e77-9c89-c576b6456596,rated_course,2025-05-30 08:05:08.475310
091a3fe4-ea7c-4e77-9c89-c576b6456596,joined_community,2025-07-08 07:24:38.809014
091a3fe4-ea7c-4e77-9c89-c576b6456596,took_assessment,2025-07-23 17:53:00.432398
091a3fe4-ea7c-4e77-9c89-c576b6456596,took_assessment,2025-07-25 11:17:26.305302
091a3fe4-ea7c-4e77-9c89-c576b6456596,joined_community,2025-07-30 21:15:13.396415
091a3fe4-ea7c-4e77-9c89-c576b6456596,bookmarked_resource,2025-08-06 22:50:23.369570
091a3fe4-ea7c-4e77-9c89-c576b6456596,took_assessment,2025-08-26 23:29:36.468469
0f0472a1-54bd-44fe-a32d-a1502359c1b8,attended_webinar,2025-03-14 15:53:55.358861
0f0472a1-54bd-44fe-a32d-a1502359c1b8,completed_quiz,2025-03-21 11:36:19.735606
0f0472a1-54bd-44fe-a32d-a1502359c1b8,shared_content,2025-03-29 05:52:55.802598
0f0472a1-54bd-44fe-a32d-a1502359c1b8,finished_lesson,2025-04-14 18:57:25.927675
0f0472a1-54bd-44fe-a32d-a1502359c1b8,clicked_link,2025-04-28 11:04:27.588279
0f0472a1-54bd-44fe-a32d-a1502359c1b8,shared_content,2025-05-02 01:14:41.815505
0f0472a1-54bd-44fe-a32d-a1502359c1b8,shared_content,2025-06-26 08:18:39.221278
0f0472a1-54bd-44fe-a32d-a1502359c1b8,took_assessment,2025-07-01 23:22:31.546503
0f0472a1-54bd-44fe-a32d-a1502359c1b8,opened_email,2025-07-13 04:43:33.471792
0f0472a1-54bd-44fe-a32d-a1502359c1b8,bookmarked_resource,2025-07-30 22:05:00.582920
0f0472a1-54bd-44fe-a32d-a1502359c1b8,clicked_link,2025-08-01 17:48:35.173962
0f0472a1-54bd-44fe-a32d-a1502359c1b8,attended_webinar,2025-08-10 00:11:56.093799
0f0472a1-54bd-44fe-a32d-a1502359c1b8,bookmarked_resource,2025-08-10 07:04:16.712828
0f0472a1-54bd-44fe-a32d-a1502359c1b8,shared_content,2025-08-10 10:40:18.092393
0f0472a1-54bd-44fe-a32d-a1502359c1b8,joined_community,2025-08-20 23:58:11.996020
112b1e68-3afc-4ba2-a2eb-16e0cc8a311d,took_assessment,2025-03-24 23:28:39.997715
112b1e68-3afc-4ba2-a2eb-16e0cc8a311d,enrolled_program,2025-04-13 15:47:45.690846
112b1e68-3afc-4ba2-a2eb-16e0cc8a311d,bookmarked_resource,2025-04-24 22:05:29.217704
112b1e68-3afc-4ba2-a2eb-16e0cc8a311d,opened_email,2025-06-05 15:52:33.986262
112b1e68-3afc-4ba2-a2eb-16e0cc8a311d,started_course,2025-06-22 18:53:53.797968
112b1e68-3afc-4ba2-a2eb-16e0cc8a311d,viewed_video,2025-07-02 09:58:38.296777
112b1e68-3afc-4ba2-a2eb-16e0cc8a311d,submitted_feedback,2025-08-27 08:03:02.051777
174e115b-3bcf-44bc-bb7e-c464b59030f7,finished_lesson,2025-03-15 23:30:22.554431
174e115b-3bcf-44bc-bb7e-c464b59030f7,shared_content,2025-04-01 18:47:19.790474
174e115b-3bcf-44bc-bb7e-c464b59030f7,viewed_video,2025-04-08 06:26:55.157653
174e115b-3bcf-44bc-bb7e-c464b59030f7,finished_lesson,2025-04-11 04:50:53.349945
174e115b-3bcf-44bc-bb7e-c464b59030f7,clicked_link,2025-04-14 03:00:30.725802
174e115b-3bcf-44bc-bb7e-c464b59030f7,opened_email,2025-04-29 05:26:55.193788
174e115b-3bcf-44bc-bb7e-c464b59030f7,downloaded_resource,2025-06-20 17:19:11.997004
174e115b-3bcf-44bc-bb7e-c464b59030f7,viewed_video,2025-08-27 10:17:02.928786
1f17b9e6-fba3-42fc-9526-54396fb188e3,attended_webinar,2025-03-19 19:28:05.561278
1f17b9e6-fba3-42fc-9526-54396fb188e3,attended_webinar,2025-04-05 17:41:38.232091
1f17b9e6-fba3-42fc-9526-54396fb188e3,took_assessment,2025-04-19 00:52:31.716750
23517013-cd19-4574-ae87-88ec047530fe,completed_quiz,2025-03-25 22:38:06.185938
23517013-cd19-4574-ae87-88ec047530fe,downloaded_resource,2025-04-05 05:24:21.217618
23517013-cd19-4574-ae87-88ec047530fe,downloaded_resource,2025-04-06 20:35:53.901253
23517013-cd19-4574-ae87-88ec047530fe,opened_email,2025-04-20 13:03:08.284994
23517013-cd19-4574-ae87-88ec047530fe,opened_email,2025-04-29 10:47:23.542272
23517013-cd19-4574-ae87-88ec047530fe,finished_lesson,2025-05-02 07:02:38.405549
23517013-cd19-4574-ae87-88ec047530fe,clicked_link,2025-05-07 16:58:10.145407
23517013-cd19-4574-ae87-88ec047530fe,submitted_feedback,2025-05-21 14:51:41.909660
23517013-cd19-4574-ae87-88ec047530fe,started_course,2025-05-24 04:46:26.644209
23517013-cd19-4574-ae87-88ec047530fe,enrolled_program,2025-05-31 22:44:10.515980
23517013-cd19-4574-ae87-88ec047530fe,took_assessment,2025-06-18 04:14:21.975460
23517013-cd19-4574-ae87-88ec047530fe,shared_content,2025-07-04 08:25:30.226459
23517013-cd19-4574-ae87-88ec047530fe,bookmarked_resource,2025-07-25 21:33:11.062653
23517013-cd19-4574-ae87-88ec047530fe,bookmarked_resource,2025-07-30 14:47:00.805276
23517013-cd19-4574-ae87-88ec047530fe,submitted_feedback,2025-07-31 22:10:21.571407
2451ea66-f77c-467a-bea0-16fa6ceb78cc,bookmarked_resource,2025-03-29 19:49:36.133412
2451ea66-f77c-467a-bea0-16fa6ceb78cc,started_course,2025-04-30 02:14:29.647861
2451ea66-f77c-467a-bea0-16fa6ceb78cc,opened_email,2025-05-08 10:16:22.535222
2451ea66-f77c-467a-bea0-16fa6ceb78cc,finished_lesson,2025-06-05 19:30:06.361392
2451ea66-f77c-467a-bea0-16fa6ceb78cc,opened_email,2025-06-28 10:37:46.320883
2451ea66-f77c-467a-bea0-16fa6ceb78cc,bookmarked_resource,2025-07-21 14:21:30.271153
2451ea66-f77c-467a-bea0-16fa6ceb78cc,bookmarked_resource,2025-07-29 19:00:24.370604
2451ea66-f77c-467a-bea0-16fa6ceb78cc,started_course,2025-07-30 09:52:53.749304
2451ea66-f77c-467a-bea0-16fa6ceb78cc,clicked_link,2025-08-06 20:21:44.438932
2451ea66-f77c-467a-bea0-16fa6ceb78cc,attended_webinar,2025-08-13 16:04:58.935846
27bf1a8b-8b6e-4940-84d6-83211657b267,started_course,2025-03-23 11:11:18.334475
27bf1a8b-8b6e-4940-84d6-83211657b267,shared_content,2025-03-28 01:26:54.771250
27bf1a8b-8b6e-4940-84d6-83211657b267,completed_quiz,2025-05-18 10:55:52.357744
27bf1a8b-8b6e-4940-84d6-83211657b267,submitted_feedback,2025-05-22 22:37:56.199295
27bf1a8b-8b6e-4940-84d6-83211657b267,bookmarked_resource,2025-06-08 22:20:15.755883
27bf1a8b-8b6e-4940-84d6-83211657b267,rated_course,2025-07-19 11:38:22.005390
27bf1a8b-8b6e-4940-84d6-83211657b267,bookmarked_resource,2025-08-19 00:25:04.925980
2ada553f-746f-42de-8edc-0f12cb91728d,downloaded_resource,2025-03-25 16:09:27.319744
2ada553f-746f-42de-8edc-0f12cb91728d,clicked_link,2025-03-26 21:15:44.314766
2ada553f-746f-42de-8edc-0f12cb91728d,finished_lesson,2025-03-30 11:25:12.992311
2ada553f-746f-42de-8edc-0f12cb91728d,clicked_link,2025-04-21 14:22:58.400730
2ada553f-746f-42de-8edc-0f12cb91728d,took_assessment,2025-05-07 20:21:00.589782
2ada553f-746f-42de-8edc-0f12cb91728d,joined_community,2025-06-14 03:20:52.290306
2ada553f-746f-42de-8edc-0f12cb91728d,enrolled_program,2025-08-12 06:37:26.966146
2ada553f-746f-42de-8edc-0f12cb91728d,attended_webinar,2025-08-14 15:05:18.472483
2ada553f-746f-42de-8edc-0f12cb91728d,viewed_video,2025-09-04 08:44:55.158317
32c6820e-faa1-423e-bf72-698722915e6a,started_course,2025-03-29 20:27:37.060401
32c6820e-faa1-423e-bf72-698722915e6a,clicked_link,2025-04-24 13:41:17.912177
32c6820e-faa1-423e-bf72-698722915e6a,finished_lesson,2025-08-07 01:12:21.126293
32c6820e-faa1-423e-bf72-698722915e6a,finished_lesson,2025-08-16 12:55:52.164080
34c4b853-fc33-467d-9765-391315dee605,downloaded_resource,2025-04-02 10:10:33.536186
34c4b853-fc33-467d-9765-391315dee605,started_course,2025-04-08 20:58:01.482910
34c4b853-fc33-467d-9765-391315dee605,opened_email,2025-05-01 20:24:24.249432
34c4b853-fc33-467d-9765-391315dee605,opened_email,2025-05-20 00:03:00.295729
34c4b853-fc33-467d-9765-391315dee605,completed_quiz,2025-06-09 01:49:01.752908
34c4b853-fc33-467d-9765-391315dee605,clicked_link,2025-06-25 10:09:20.544373
34c4b853-fc33-467d-9765-391315dee605,downloaded_resource,2025-07-05 17:39:34.144995
34c4b853-fc33-467d-9765-391315dee605,enrolled_program,2025-07-11 22:06:55.256251
34c4b853-fc33-467d-9765-391315dee605,opened_email,2025-07-13 01:23:09.211817
34c4b853-fc33-467d-9765-391315dee605,rated_course,2025-07-13 15:31:41.473806
34c4b853-fc33-467d-9765-391315dee605,completed_quiz,2025-07-19 03:35:51.097136
34c4b853-fc33-467d-9765-391315dee605,completed_quiz,2025-08-03 23:02:59.422540
34c4b853-fc33-467d-9765-391315dee605,started_course,2025-08-07 20:05:50.417444
34c4b853-fc33-467d-9765-391315dee605,downloaded_resource,2025-08-18 10:13:46.846426
3ee1c230-b004-453a-ad24-1503c0dc0fd6,completed_quiz,2025-03-25 15:57:17.945495
3ee1c230-b004-453a-ad24-1503c0dc0fd6,completed_quiz,2025-03-27 08:53:49.943920
3ee1c230-b004-453a-ad24-1503c0dc0fd6,bookmarked_resource,2025-04-07 00:52:48.073351
3ee1c230-b004-453a-ad24-1503c0dc0fd6,attended_webinar,2025-04-08 15:24:30.844259
3ee1c230-b004-453a-ad24-1503c0dc0fd6,bookmarked_resource,2025-05-15 02:39:34.379380
3ee1c230-b004-453a-ad24-1503c0dc0fd6,submitted_feedback,2025-05-17 08:23:44.728618
3ee1c230-b004-453a-ad24-1503c0dc0fd6,attended_webinar,2025-05-26 18:48:04.212711
3ee1c230-b004-453a-ad24-1503c0dc0fd6,clicked_link,2025-07-03 01:13:37.117708
3ee1c230-b004-453a-ad24-1503c0dc0fd6,attended_webinar,2025-07-09 05:08:46.122760
3ee1c230-b004-453a-ad24-1503c0dc0fd6,enrolled_program,2025-07-20 09:59:23.061064
3ee1c230-b004-453a-ad24-1503c0dc0fd6,shared_content,2025-07-22 22:03:45.285524
3ee1c230-b004-453a-ad24-1503c0dc0fd6,finished_lesson,2025-07-29 06:15:05.144559
3f196b9c-217b-44b0-bdda-bf3b66928346,opened_email,2025-05-24 15:43:49.734517
3f196b9c-217b-44b0-bdda-bf3b66928346,viewed_video,2025-06-22 10:13:41.274084
3f196b9c-217b-44b0-bdda-bf3b66928346,started_course,2025-07-22 14:29:12.936072
3f196b9c-217b-44b0-bdda-bf3b66928346,attended_webinar,2025-08-03 17:53:42.159564
3fe1b751-7621-4dcf-8aed-d0331e7b843a,opened_email,2025-03-15 11:23:12.485019
3fe1b751-7621-4dcf-8aed-d0331e7b843a,clicked_link,2025-04-29 07:20:40.290747
3fe1b751-7621-4dcf-8aed-d0331e7b843a,opened_email,2025-05-09 01:55:11.350966
3fe1b751-7621-4dcf-8aed-d0331e7b843a,attended_webinar,2025-07-02 02:36:48.399912
3fe1b751-7621-4dcf-8aed-d0331e7b843a,completed_quiz,2025-08-14 18:18:40.506318
3fe1b751-7621-4dcf-8aed-d0331e7b843a,took_assessment,2025-08-18 07:25:49.706360
3fe1b751-7621-4dcf-8aed-d0331e7b843a,shared_content,2025-08-20 05:48:23.497288
3fe1b751-7621-4dcf-8aed-d0331e7b843a,joined_community,2025-08-21 21:42:42.781510
3fe1b751-7621-4dcf-8aed-d0331e7b843a,joined_community,2025-08-24 07:38:16.509508
41430874-09c5-4cad-9c44-5a297434eaa0,took_assessment,2025-03-19 01:27:59.323453
41430874-09c5-4cad-9c44-5a297434eaa0,rated_course,2025-04-25 18:07:37.834722
41430874-09c5-4cad-9c44-5a297434eaa0,finished_lesson,2025-04-30 02:43:56.140891
41430874-09c5-4cad-9c44-5a297434eaa0,bookmarked_resource,2025-08-03 12:56:56.488115
41430874-09c5-4cad-9c44-5a297434eaa0,rated_course,2025-08-12 22:44:00.965278
41430874-09c5-4cad-9c44-5a297434eaa0,took_assessment,2025-08-21 09:08:46.981597
41430874-09c5-4cad-9c44-5a297434eaa0,submitted_feedback,2025-08-25 20:55:23.308082
41567812-9f44-4f02-a73e-bf3f2f34cff1,bookmarked_resource,2025-05-06 13:06:41.208573
41567812-9f44-4f02-a73e-bf3f2f34cff1,submitted_feedback,2025-05-14 06:13:39.021063
41567812-9f44-4f02-a73e-bf3f2f34cff1,completed_quiz,2025-05-27 18:28:39.950600
41567812-9f44-4f02-a73e-bf3f2f34cff1,downloaded_resource,2025-06-24 13:13:19.259650
41567812-9f44-4f02-a73e-bf3f2f34cff1,enrolled_program,2025-07-20 07:30:34.966793
41567812-9f44-4f02-a73e-bf3f2f34cff1,started_course,2025-07-20 16:48:14.704275
41567812-9f44-4f02-a73e-bf3f2f34cff1,joined_community,2025-07-21 10:55:07.568320
41567812-9f44-4f02-a73e-bf3f2f34cff1,shared_content,2025-08-24 14:08:55.098276
41567812-9f44-4f02-a73e-bf3f2f34cff1,clicked_link,2025-08-28 12:15:08.446210
4ad5b604-1fa7-457e-8450-c555b85a7ad3,joined_community,2025-04-13 16:23:55.198399
4ad5b604-1fa7-457e-8450-c555b85a7ad3,took_assessment,2025-05-25 03:07:06.523283
4ad5b604-1fa7-457e-8450-c555b85a7ad3,joined_community,2025-06-17 02:00:01.841497
4ad5b604-1fa7-457e-8450-c555b85a7ad3,started_course,2025-07-28 06:24:11.585759
4ad5b604-1fa7-457e-8450-c555b85a7ad3,enrolled_program,2025-08-21 10:07:38.553294
4ad5b604-1fa7-457e-8450-c555b85a7ad3,enrolled_program,2025-08-29 23:36:02.545102
4e60e49b-3b42-4885-80d3-e7eb5b56daaf,downloaded_resource,2025-06-01 01:19:27.434777
4e60e49b-3b42-4885-80d3-e7eb5b56daaf,viewed_video,2025-06-08 04:29:35.922267
4e60e49b-3b42-4885-80d3-e7eb5b56daaf,downloaded_resource,2025-07-20 12:38:08.268847
4e60e49b-3b42-4885-80d3-e7eb5b56daaf,started_course,2025-08-25 04:03:43.449034
50b20384-3c60-4f03-a99b-6a0fd59a75e4,rated_course,2025-03-19 14:13:12.184337
50b20384-3c60-4f03-a99b-6a0fd59a75e4,opened_email,2025-03-21 04:43:31.324012
50b20384-3c60-4f03-a99b-6a0fd59a75e4,finished_lesson,2025-03-25 10:44:34.516092
50b20384-3c60-4f03-a99b-6a0fd59a75e4,took_assessment,2025-03-29 11:14:48.294256
50b20384-3c60-4f03-a99b-6a0fd59a75e4,started_course,2025-05-05 13:56:27.320667
50b20384-3c60-4f03-a99b-6a0fd59a75e4,downloaded_resource,2025-06-08 05:47:00.843853
50b20384-3c60-4f03-a99b-6a0fd59a75e4,bookmarked_resource,2025-06-19 04:09:07.755147
50b20384-3c60-4f03-a99b-6a0fd59a75e4,completed_quiz,2025-07-05 00:48:53.536924
50b20384-3c60-4f03-a99b-6a0fd59a75e4,took_assessment,2025-07-25 08:51:11.750387
50b20384-3c60-4f03-a99b-6a0fd59a75e4,bookmarked_resource,2025-09-05 04:18:13.895778
5548e2f5-bf69-46b3-b899-2a1892a7138f,joined_community,2025-03-26 08:31:08.044853
5548e2f5-bf69-46b3-b899-2a1892a7138f,enrolled_program,2025-03-27 18:23:23.127767
5548e2f5-bf69-46b3-b899-2a1892a7138f,opened_email,2025-04-27 03:06:56.940213
5548e2f5-bf69-46b3-b899-2a1892a7138f,clicked_link,2025-04-30 15:02:16.031952
5548e2f5-bf69-46b3-b899-2a1892a7138f,opened_email,2025-05-06 04:44:30.595044
5548e2f5-bf69-46b3-b899-2a1892a7138f,attended_webinar,2025-06-16 20:48:42.693599
5548e2f5-bf69-46b3-b899-2a1892a7138f,clicked_link,2025-06-20 15:12:32.208046
5548e2f5-bf69-46b3-b899-2a1892a7138f,completed_quiz,2025-06-22 12:19:47.617527
5548e2f5-bf69-46b3-b899-2a1892a7138f,attended_webinar,2025-07-03 21:26:00.814887
5548e2f5-bf69-46b3-b899-2a1892a7138f,downloaded_resource,2025-07-15 08:14:58.861898
5548e2f5-bf69-46b3-b899-2a1892a7138f,started_course,2025-07-19 14:42:01.691494
5548e2f5-bf69-46b3-b899-2a1892a7138f,rated_course,2025-08-23 03:51:41.458699
56c656a5-2398-4af9-86e5-7b6b076db69d,finished_lesson,2025-04-13 18:21:33.935500
56c656a5-2398-4af9-86e5-7b6b076db69d,finished_lesson,2025-04-15 03:00:32.879893
56c656a5-2398-4af9-86e5-7b6b076db69d,clicked_link,2025-04-23 01:10:40.793816
56c656a5-2398-4af9-86e5-7b6b076db69d,submitted_feedback,2025-05-09 18:01:33.418149
56c656a5-2398-4af9-86e5-7b6b076db69d,opened_email,2025-05-09 18:51:44.531781
56c656a5-2398-4af9-86e5-7b6b076db69d,joined_community,2025-06-08 17:43:45.491529
56c656a5-2398-4af9-86e5-7b6b076db69d,finished_lesson,2025-06-16 09:40:56.030541
56c656a5-2398-4af9-86e5-7b6b076db69d,viewed_video,2025-07-20 23:54:10.204827
56c656a5-2398-4af9-86e5-7b6b076db69d,completed_quiz,2025-07-27 19:21:27.006463
56c656a5-2398-4af9-86e5-7b6b076db69d,rated_course,2025-08-02 08:48:48.612709
56c656a5-2398-4af9-86e5-7b6b076db69d,attended_webinar,2025-08-08 01:02:23.057564
56c656a5-2398-4af9-86e5-7b6b076db69d,shared_content,2025-08-22 21:27:04.137051
56c656a5-2398-4af9-86e5-7b6b076db69d,joined_community,2025-09-01 07:16:36.810616
56c656a5-2398-4af9-86e5-7b6b076db69d,enrolled_program,2025-09-03 04:34:22.371782
570d8ee1-e735-414f-a54f-198c9930e8f7,shared_content,2025-03-13 07:33:04.306537
570d8ee1-e735-414f-a54f-198c9930e8f7,finished_lesson,2025-04-05 10:58:48.951356
570d8ee1-e735-414f-a54f-198c9930e8f7,shared_content,2025-04-06 11:34:24.375747
5b86c48b-8b02-461f-8b14-7748137ec8ca,submitted_feedback,2025-04-09 07:40:57.841187
5b86c48b-8b02-461f-8b14-7748137ec8ca,clicked_link,2025-04-21 23:20:15.800258
5b86c48b-8b02-461f-8b14-7748137ec8ca,shared_content,2025-06-02 01:03:58.192239
5b86c48b-8b02-461f-8b14-7748137ec8ca,attended_webinar,2025-07-03 00:03:02.968695
5b86c48b-8b02-461f-8b14-7748137ec8ca,shared_content,2025-07-30 20:59:03.728258
5d668c6e-6d47-4d6a-8b67-be2f235fba91,bookmarked_resource,2025-03-26 17:56:25.060893
5d668c6e-6d47-4d6a-8b67-be2f235fba91,opened_email,2025-03-31 00:55:19.718072
5d668c6e-6d47-4d6a-8b67-be2f235fba91,downloaded_resource,2025-05-03 16:47:23.436224
5d668c6e-6d47-4d6a-8b67-be2f235fba91,started_course,2025-05-08 01:33:44.247126
5d668c6e-6d47-4d6a-8b67-be2f235fba91,clicked_link,2025-05-31 10:53:49.495884
5d668c6e-6d47-4d6a-8b67-be2f235fba91,submitted_feedback,2025-07-25 18:19:20.492255
5d668c6e-6d47-4d6a-8b67-be2f235fba91,downloaded_resource,2025-07-30 12:11:24.223376
5e1ec6ba-a418-4c5e-80f8-adc41238f8ce,enrolled_program,2025-03-15 13:58:25.916138
5e1ec6ba-a418-4c5e-80f8-adc41238f8ce,clicked_link,2025-04-19 14:55:15.318962
5e1ec6ba-a418-4c5e-80f8-adc41238f8ce,submitted_feedback,2025-04-26 12:30:16.936748
5e1ec6ba-a418-4c5e-80f8-adc41238f8ce,clicked_link,2025-05-18 20:09:37.776754
5e1ec6ba-a418-4c5e-80f8-adc41238f8ce,finished_lesson,2025-05-29 16:03:14.816789
5e1ec6ba-a418-4c5e-80f8-adc41238f8ce,completed_quiz,2025-06-04 02:23:30.611125
5e1ec6ba-a418-4c5e-80f8-adc41238f8ce,took_assessment,2025-06-20 06:54:14.226452
5e1ec6ba-a418-4c5e-80f8-adc41238f8ce,opened_email,2025-06-26 08:03:51.675398
5e1ec6ba-a418-4c5e-80f8-adc41238f8ce,clicked_link,2025-07-07 22:38:38.740418
5e1ec6ba-a418-4c5e-80f8-adc41238f8ce,downloaded_resource,2025-07-09 12:11:38.718534
5e1ec6ba-a418-4c5e-80f8-adc41238f8ce,opened_email,2025-07-10 12:18:10.148881
5e1ec6ba-a418-4c5e-80f8-adc41238f8ce,opened_email,2025-08-09 14:23:22.730089
5e1ec6ba-a418-4c5e-80f8-adc41238f8ce,started_course,2025-08-13 17:47:41.525995
5e1ec6ba-a418-4c5e-80f8-adc41238f8ce,attended_webinar,2025-08-28 14:20:54.271797
60b0d27c-e424-489c-889e-5eb215c03121,took_assessment,2025-03-13 16:33:48.849920
60b0d27c-e424-489c-889e-5eb215c03121,opened_email,2025-03-31 21:39:42.943864
60b0d27c-e424-489c-889e-5eb215c03121,shared_content,2025-04-11 21:15:34.637553
60b0d27c-e424-489c-889e-5eb215c03121,bookmarked_resource,2025-06-28 05:27:01.312250
60b0d27c-e424-489c-889e-5eb215c03121,completed_quiz,2025-07-16 04:44:59.785593
60b0d27c-e424-489c-889e-5eb215c03121,enrolled_program,2025-07-16 07:49:38.155179
60b0d27c-e424-489c-889e-5eb215c03121,enrolled_program,2025-07-18 06:12:21.194011
60b0d27c-e424-489c-889e-5eb215c03121,submitted_feedback,2025-08-13 19:33:02.444534
60b0d27c-e424-489c-889e-5eb215c03121,shared_content,2025-08-27 22:45:03.384961
60b0d27c-e424-489c-889e-5eb215c03121,submitted_feedback,2025-08-28 05:36:03.767823
60b0d27c-e424-489c-889e-5eb215c03121,downloaded_resource,2025-09-03 11:42:36.803995
61a57b7d-e7c0-4c60-b667-e8173e5a8370,clicked_link,2025-03-15 09:49:24.332931
61a57b7d-e7c0-4c60-b667-e8173e5a8370,downloaded_resource,2025-07-14 02:20:26.665699
61a57b7d-e7c0-4c60-b667-e8173e5a8370,submitted_feedback,2025-07-17 20:33:36.176222
6298b9f3-6f14-4e39-a4b1-2a660e890838,enrolled_program,2025-04-03 18:11:05.327489
6298b9f3-6f14-4e39-a4b1-2a660e890838,opened_email,2025-05-02 12:13:14.938343
6298b9f3-6f14-4e39-a4b1-2a660e890838,shared_content,2025-05-02 22:29:21.293093
6298b9f3-6f14-4e39-a4b1-2a660e890838,finished_lesson,2025-05-18 07:25:27.933040
6298b9f3-6f14-4e39-a4b1-2a660e890838,shared_content,2025-06-10 10:38:24.795900
6298b9f3-6f14-4e39-a4b1-2a660e890838,attended_webinar,2025-06-22 17:18:06.265407
6298b9f3-6f14-4e39-a4b1-2a660e890838,completed_quiz,2025-07-29 11:42:03.708095
6298b9f3-6f14-4e39-a4b1-2a660e890838,shared_content,2025-08-04 09:58:41.624215
636646f5-e4c0-4a4a-9e59-3f8f1d9489bd,started_course,2025-03-22 08:47:26.759940
636646f5-e4c0-4a4a-9e59-3f8f1d9489bd,took_assessment,2025-04-01 02:30:57.707270
636646f5-e4c0-4a4a-9e59-3f8f1d9489bd,clicked_link,2025-04-02 15:10:35.341220
636646f5-e4c0-4a4a-9e59-3f8f1d9489bd,enrolled_program,2025-05-14 16:00:03.792756
636646f5-e4c0-4a4a-9e59-3f8f1d9489bd,clicked_link,2025-05-22 01:31:07.847857
636646f5-e4c0-4a4a-9e59-3f8f1d9489bd,finished_lesson,2025-08-11 03:19:40.133562
636646f5-e4c0-4a4a-9e59-3f8f1d9489bd,started_course,2025-08-13 19:08:35.887204
6926f0bf-3fa4-4641-a6c2-49a51f32d36d,joined_community,2025-05-05 16:22:00.410986
6926f0bf-3fa4-4641-a6c2-49a51f32d36d,started_course,2025-05-27 19:53:44.424848
6926f0bf-3fa4-4641-a6c2-49a51f32d36d,clicked_link,2025-06-06 15:22:32.148607
6926f0bf-3fa4-4641-a6c2-49a51f32d36d,rated_course,2025-06-12 13:36:07.858118
6926f0bf-3fa4-4641-a6c2-49a51f32d36d,downloaded_resource,2025-07-01 20:48:07.261688
6926f0bf-3fa4-4641-a6c2-49a51f32d36d,downloaded_resource,2025-07-02 09:36:30.005735
6926f0bf-3fa4-4641-a6c2-49a51f32d36d,bookmarked_resource,2025-07-17 14:32:39.037182
6926f0bf-3fa4-4641-a6c2-49a51f32d36d,bookmarked_resource,2025-07-24 09:22:49.103278
6926f0bf-3fa4-4641-a6c2-49a51f32d36d,submitted_feedback,2025-07-27 09:09:31.902150
6a9f600d-1d9d-4d32-8a53-24f4e04daeb3,downloaded_resource,2025-03-30 01:02:52.627497
6a9f600d-1d9d-4d32-8a53-24f4e04daeb3,attended_webinar,2025-05-10 23:33:11.432235
6a9f600d-1d9d-4d32-8a53-24f4e04daeb3,bookmarked_resource,2025-05-16 14:41:33.175259
6a9f600d-1d9d-4d32-8a53-24f4e04daeb3,attended_webinar,2025-05-30 20:50:59.919357
6a9f600d-1d9d-4d32-8a53-24f4e04daeb3,completed_quiz,2025-05-31 15:23:26.073898
6a9f600d-1d9d-4d32-8a53-24f4e04daeb3,viewed_video,2025-06-03 23:34:12.867393
6a9f600d-1d9d-4d32-8a53-24f4e04daeb3,attended_webinar,2025-06-14 06:24:29.366867
6a9f600d-1d9d-4d32-8a53-24f4e04daeb3,attended_webinar,2025-06-16 08:01:46.936475
6a9f600d-1d9d-4d32-8a53-24f4e04daeb3,finished_lesson,2025-07-08 06:58:13.064228
6a9f600d-1d9d-4d32-8a53-24f4e04daeb3,enrolled_program,2025-07-13 03:49:59.953152
6a9f600d-1d9d-4d32-8a53-24f4e04daeb3,downloaded_resource,2025-08-18 00:26:05.320836
6a9f600d-1d9d-4d32-8a53-24f4e04daeb3,clicked_link,2025-08-21 05:32:17.983747
762aad0c-743e-4d84-a996-087dcb5cd07b,bookmarked_resource,2025-03-12 07:20:30.538573
762aad0c-743e-4d84-a996-087dcb5cd07b,submitted_feedback,2025-03-14 09:29:24.617077
762aad0c-743e-4d84-a996-087dcb5cd07b,rated_course,2025-03-15 02:56:20.188643
762aad0c-743e-4d84-a996-087dcb5cd07b,bookmarked_resource,2025-03-22 20:52:02.076065
762aad0c-743e-4d84-a996-087dcb5cd07b,attended_webinar,2025-03-23 17:01:15.682342
762aad0c-743e-4d84-a996-087dcb5cd07b,took_assessment,2025-04-13 13:23:16.182149
762aad0c-743e-4d84-a996-087dcb5cd07b,bookmarked_resource,2025-04-13 21:07:27.680791
762aad0c-743e-4d84-a996-087dcb5cd07b,viewed_video,2025-04-16 13:05:48.949015
762aad0c-743e-4d84-a996-087dcb5cd07b,rated_course,2025-04-20 10:47:10.025339
762aad0c-743e-4d84-a996-087dcb5cd07b,started_course,2025-04-25 20:03:03.568653
762aad0c-743e-4d84-a996-087dcb5cd07b,rated_course,2025-05-30 15:30:43.691119
762aad0c-743e-4d84-a996-087dcb5cd07b,enrolled_program,2025-07-18 02:19:15.759845
762aad0c-743e-4d84-a996-087dcb5cd07b,started_course,2025-08-19 07:42:13.906341
809da548-fd19-44d3-96fb-eaf118360447,completed_quiz,2025-03-15 11:27:10.741221
809da548-fd19-44d3-96fb-eaf118360447,took_assessment,2025-03-24 09:23:53.425598
809da548-fd19-44d3-96fb-eaf118360447,finished_lesson,2025-04-05 12:53:30.926226
809da548-fd19-44d3-96fb-eaf118360447,started_course,2025-04-26 00:09:30.699167
809da548-fd19-44d3-96fb-eaf118360447,took_assessment,2025-05-16 19:22:19.203063
809da548-fd19-44d3-96fb-eaf118360447,downloaded_resource,2025-06-20 22:20:13.771073
809da548-fd19-44d3-96fb-eaf118360447,submitted_feedback,2025-07-21 00:12:28.955582
809da548-fd19-44d3-96fb-eaf118360447,viewed_video,2025-07-23 03:03:16.076110
809da548-fd19-44d3-96fb-eaf118360447,opened_email,2025-08-23 04:21:53.473730
809da548-fd19-44d3-96fb-eaf118360447,downloaded_resource,2025-08-26 22:21:34.257401
87842019-9f74-4197-816b-8f51c70bcdb0,completed_quiz,2025-03-16 21:48:00.483549
87842019-9f74-4197-816b-8f51c70bcdb0,enrolled_program,2025-05-16 23:16:59.242224
87842019-9f74-4197-816b-8f51c70bcdb0,bookmarked_resource,2025-05-28 12:18:06.066880
87842019-9f74-4197-816b-8f51c70bcdb0,clicked_link,2025-08-07 07:02:13.513719
87842019-9f74-4197-816b-8f51c70bcdb0,took_assessment,2025-08-19 21:23:39.363826
8a47a998-402f-4a8f-901a-b2003d220874,downloaded_resource,2025-03-23 11:11:41.707544
8a47a998-402f-4a8f-901a-b2003d220874,viewed_video,2025-05-31 18:50:21.373496
8a47a998-402f-4a8f-901a-b2003d220874,viewed_video,2025-06-08 03:03:19.884933
8a47a998-402f-4a8f-901a-b2003d220874,enrolled_program,2025-08-12 02:24:21.280297
8a47a998-402f-4a8f-901a-b2003d220874,rated_course,2025-08-12 04:04:29.039891
8a47a998-402f-4a8f-901a-b2003d220874,shared_content,2025-08-19 11:23:39.210567
8a47a998-402f-4a8f-901a-b2003d220874,viewed_video,2025-08-25 15:17:34.960123
8fc781c4-66d3-4dbb-9fc3-adb446bfc659,finished_lesson,2025-04-10 06:50:11.359875
8fc781c4-66d3-4dbb-9fc3-adb446bfc659,rated_course,2025-04-14 13:27:37.128844
8fc781c4-66d3-4dbb-9fc3-adb446bfc659,started_course,2025-05-05 06:46:08.485545
8fc781c4-66d3-4dbb-9fc3-adb446bfc659,downloaded_resource,2025-05-11 01:18:40.903755
8fc781c4-66d3-4dbb-9fc3-adb446bfc659,joined_community,2025-06-11 21:49:04.229145
8fc781c4-66d3-4dbb-9fc3-adb446bfc659,downloaded_resource,2025-07-01 00:55:06.760272
8fc781c4-66d3-4dbb-9fc3-adb446bfc659,completed_quiz,2025-07-28 02:37:34.755889
8fc781c4-66d3-4dbb-9fc3-adb446bfc659,submitted_feedback,2025-08-15 07:51:02.817547
9641f175-022b-4f4c-a05a-1b6717b2d87a,attended_webinar,2025-03-18 07:55:02.638261
9641f175-022b-4f4c-a05a-1b6717b2d87a,viewed_video,2025-05-28 13:16:24.784149
9641f175-022b-4f4c-a05a-1b6717b2d87a,started_course,2025-05-30 05:06:33.270916
9641f175-022b-4f4c-a05a-1b6717b2d87a,enrolled_program,2025-06-14 00:09:00.312417
9641f175-022b-4f4c-a05a-1b6717b2d87a,attended_webinar,2025-06-19 01:54:45.195322
9641f175-022b-4f4c-a05a-1b6717b2d87a,took_assessment,2025-07-27 08:08:56.967038
9641f175-022b-4f4c-a05a-1b6717b2d87a,rated_course,2025-07-29 08:15:59.663851
9641f175-022b-4f4c-a05a-1b6717b2d87a,downloaded_resource,2025-08-08 23:11:40.313564
9641f175-022b-4f4c-a05a-1b6717b2d87a,rated_course,2025-08-13 05:15:56.385755
9641f175-022b-4f4c-a05a-1b6717b2d87a,took_assessment,2025-08-25 04:47:14.277245
9641f175-022b-4f4c-a05a-1b6717b2d87a,enrolled_program,2025-08-27 22:01:10.791989
96d3aabb-454e-4054-bf7a-4a8508ac40a0,shared_content,2025-05-11 12:37:39.081920
96d3aabb-454e-4054-bf7a-4a8508ac40a0,started_course,2025-05-11 20:32:09.697540
96d3aabb-454e-4054-bf7a-4a8508ac40a0,completed_quiz,2025-06-21 12:33:39.469594
96d3aabb-454e-4054-bf7a-4a8508ac40a0,downloaded_resource,2025-06-26 07:42:12.949936
96d3aabb-454e-4054-bf7a-4a8508ac40a0,enrolled_program,2025-07-30 18:28:06.434747
97bf950c-a809-4c80-b527-4ccbea1d7c4d,attended_webinar,2025-04-19 17:20:07.123759
97bf950c-a809-4c80-b527-4ccbea1d7c4d,completed_quiz,2025-04-20 17:33:03.008024
97bf950c-a809-4c80-b527-4ccbea1d7c4d,submitted_feedback,2025-05-06 01:58:31.362993
97bf950c-a809-4c80-b527-4ccbea1d7c4d,completed_quiz,2025-06-05 01:50:47.531715
97bf950c-a809-4c80-b527-4ccbea1d7c4d,submitted_feedback,2025-06-11 23:47:31.101525
97bf950c-a809-4c80-b527-4ccbea1d7c4d,took_assessment,2025-06-15 18:49:49.227683
97bf950c-a809-4c80-b527-4ccbea1d7c4d,rated_course,2025-08-02 00:49:07.384404
9c3a81f7-e0d1-4e22-8351-2400f58904ac,completed_quiz,2025-03-13 07:40:51.358726
9c3a81f7-e0d1-4e22-8351-2400f58904ac,enrolled_program,2025-03-16 18:01:43.073004
9c3a81f7-e0d1-4e22-8351-2400f58904ac,finished_lesson,2025-03-26 02:15:22.173079
9c3a81f7-e0d1-4e22-8351-2400f58904ac,started_course,2025-04-08 07:23:19.591394
9c3a81f7-e0d1-4e22-8351-2400f58904ac,completed_quiz,2025-04-28 19:03:49.078427
9c3a81f7-e0d1-4e22-8351-2400f58904ac,took_assessment,2025-05-07 14:16:57.957415
9c3a81f7-e0d1-4e22-8351-2400f58904ac,bookmarked_resource,2025-05-12 10:10:06.457201
9c3a81f7-e0d1-4e22-8351-2400f58904ac,completed_quiz,2025-05-21 02:28:10.108812
9c3a81f7-e0d1-4e22-8351-2400f58904ac,started_course,2025-06-10 00:34:07.826601
9c3a81f7-e0d1-4e22-8351-2400f58904ac,viewed_video,2025-06-16 11:29:27.145618
9c3a81f7-e0d1-4e22-8351-2400f58904ac,started_course,2025-07-05 08:00:51.845727
9c3a81f7-e0d1-4e22-8351-2400f58904ac,finished_lesson,2025-07-16 00:52:42.122590
9c3a81f7-e0d1-4e22-8351-2400f58904ac,started_course,2025-07-22 02:59:38.759314
9c3a81f7-e0d1-4e22-8351-2400f58904ac,bookmarked_resource,2025-08-26 18:26:49.572670
9d301450-72e6-4d1b-ad30-3ded95c848e9,submitted_feedback,2025-03-14 21:21:10.631169
9d301450-72e6-4d1b-ad30-3ded95c848e9,enrolled_program,2025-04-17 18:42:19.007075
9d301450-72e6-4d1b-ad30-3ded95c848e9,viewed_video,2025-05-13 00:52:13.679330
9d301450-72e6-4d1b-ad30-3ded95c848e9,completed_quiz,2025-05-16 20:53:35.813432
9d301450-72e6-4d1b-ad30-3ded95c848e9,submitted_feedback,2025-06-07 02:29:39.785336
9d301450-72e6-4d1b-ad30-3ded95c848e9,rated_course,2025-07-02 10:36:56.476407
9d301450-72e6-4d1b-ad30-3ded95c848e9,joined_community,2025-08-23 12:44:45.620419
a0129bcb-56a8-429b-9b5a-b126258a830d,enrolled_program,2025-03-15 07:01:56.264717
a0129bcb-56a8-429b-9b5a-b126258a830d,bookmarked_resource,2025-03-26 01:08:39.113966
a0129bcb-56a8-429b-9b5a-b126258a830d,bookmarked_resource,2025-04-03 07:12:13.022496
a0129bcb-56a8-429b-9b5a-b126258a830d,clicked_link,2025-04-27 12:35:55.563950
a0129bcb-56a8-429b-9b5a-b126258a830d,shared_content,2025-06-01 23:24:59.850462
a0129bcb-56a8-429b-9b5a-b126258a830d,took_assessment,2025-07-05 04:12:26.865617
a0129bcb-56a8-429b-9b5a-b126258a830d,shared_content,2025-07-10 10:18:50.155469
a0129bcb-56a8-429b-9b5a-b126258a830d,shared_content,2025-07-20 06:15:29.637774
a0129bcb-56a8-429b-9b5a-b126258a830d,joined_community,2025-07-30 16:09:51.492937
a0129bcb-56a8-429b-9b5a-b126258a830d,bookmarked_resource,2025-08-05 19:36:15.411238
a0129bcb-56a8-429b-9b5a-b126258a830d,opened_email,2025-08-06 15:02:44.590785
a0129bcb-56a8-429b-9b5a-b126258a830d,viewed_video,2025-08-15 09:51:39.388328
a51d29a1-a6cd-4475-8c84-9f57352dc75c,started_course,2025-03-22 12:35:51.049821
a51d29a1-a6cd-4475-8c84-9f57352dc75c,downloaded_resource,2025-05-03 01:22:20.735158
a51d29a1-a6cd-4475-8c84-9f57352dc75c,shared_content,2025-05-08 06:02:08.338399
a51d29a1-a6cd-4475-8c84-9f57352dc75c,attended_webinar,2025-05-08 16:09:08.842690
a51d29a1-a6cd-4475-8c84-9f57352dc75c,attended_webinar,2025-05-10 11:02:09.391153
a51d29a1-a6cd-4475-8c84-9f57352dc75c,attended_webinar,2025-05-21 18:58:26.345887
a51d29a1-a6cd-4475-8c84-9f57352dc75c,submitted_feedback,2025-07-05 19:36:26.645468
a51d29a1-a6cd-4475-8c84-9f57352dc75c,finished_lesson,2025-07-07 14:35:48.639115
a51d29a1-a6cd-4475-8c84-9f57352dc75c,submitted_feedback,2025-07-11 03:13:59.395960
a51d29a1-a6cd-4475-8c84-9f57352dc75c,took_assessment,2025-08-01 00:17:19.805215
a51d29a1-a6cd-4475-8c84-9f57352dc75c,enrolled_program,2025-08-13 11:31:11.463895
a51d29a1-a6cd-4475-8c84-9f57352dc75c,started_course,2025-08-17 19:13:30.183034
b63b8473-bbd0-460e-b278-2cf8d130b45a,downloaded_resource,2025-04-11 02:58:16.406380
b63b8473-bbd0-460e-b278-2cf8d130b45a,clicked_link,2025-06-05 18:17:24.048982
b63b8473-bbd0-460e-b278-2cf8d130b45a,finished_lesson,2025-06-29 18:14:17.560408
b7c4ca52-ca8e-448b-aac5-362dd7691907,finished_lesson,2025-05-02 01:46:43.034038
b7c4ca52-ca8e-448b-aac5-362dd7691907,bookmarked_resource,2025-06-11 23:04:24.540334
b7c4ca52-ca8e-448b-aac5-362dd7691907,took_assessment,2025-07-04 07:39:13.373426
b7c4ca52-ca8e-448b-aac5-362dd7691907,started_course,2025-08-20 10:43:27.953139
bc281cde-2da4-4f1a-8b05-aa3b8bf8cfb1,viewed_video,2025-03-13 19:11:54.525345
bc281cde-2da4-4f1a-8b05-aa3b8bf8cfb1,took_assessment,2025-03-14 17:08:00.518480
bc281cde-2da4-4f1a-8b05-aa3b8bf8cfb1,downloaded_resource,2025-03-21 13:23:49.418170
bc281cde-2da4-4f1a-8b05-aa3b8bf8cfb1,took_assessment,2025-04-28 17:27:18.619163
bc281cde-2da4-4f1a-8b05-aa3b8bf8cfb1,enrolled_program,2025-05-01 20:10:09.033916
bc281cde-2da4-4f1a-8b05-aa3b8bf8cfb1,shared_content,2025-05-11 15:46:31.732556
bc281cde-2da4-4f1a-8b05-aa3b8bf8cfb1,shared_content,2025-06-01 07:15:11.291307
bc281cde-2da4-4f1a-8b05-aa3b8bf8cfb1,attended_webinar,2025-06-08 23:40:44.588139
bc281cde-2da4-4f1a-8b05-aa3b8bf8cfb1,took_assessment,2025-06-11 01:51:24.480556
bc281cde-2da4-4f1a-8b05-aa3b8bf8cfb1,completed_quiz,2025-06-19 01:42:07.345443
bc281cde-2da4-4f1a-8b05-aa3b8bf8cfb1,started_course,2025-07-04 12:31:52.553756
bc281cde-2da4-4f1a-8b05-aa3b8bf8cfb1,joined_community,2025-07-31 19:03:18.134634
bc281cde-2da4-4f1a-8b05-aa3b8bf8cfb1,took_assessment,2025-08-12 12:17:08.338666
bd3c2dfc-0b8a-4b44-893d-81defb9c1d32,attended_webinar,2025-03-20 21:29:35.581823
bd3c2dfc-0b8a-4b44-893d-81defb9c1d32,finished_lesson,2025-04-23 02:06:59.311186
bd3c2dfc-0b8a-4b44-893d-81defb9c1d32,clicked_link,2025-05-04 07:19:00.144326
bd3c2dfc-0b8a-4b44-893d-81defb9c1d32,bookmarked_resource,2025-05-25 05:57:00.113070
bd3c2dfc-0b8a-4b44-893d-81defb9c1d32,shared_content,2025-07-01 03:03:36.151106
be337ab9-46ee-42e2-9b02-4ba18481cae1,completed_quiz,2025-03-25 14:23:16.625938
be337ab9-46ee-42e2-9b02-4ba18481cae1,clicked_link,2025-03-26 20:08:33.400341
be337ab9-46ee-42e2-9b02-4ba18481cae1,joined_community,2025-04-09 11:04:05.829669
be337ab9-46ee-42e2-9b02-4ba18481cae1,bookmarked_resource,2025-04-30 17:08:10.143887
be337ab9-46ee-42e2-9b02-4ba18481cae1,clicked_link,2025-05-10 02:05:13.211873
be337ab9-46ee-42e2-9b02-4ba18481cae1,opened_email,2025-05-19 03:02:24.342683
be337ab9-46ee-42e2-9b02-4ba18481cae1,took_assessment,2025-06-04 09:15:27.369826
be337ab9-46ee-42e2-9b02-4ba18481cae1,downloaded_resource,2025-07-08 13:56:32.635164
be337ab9-46ee-42e2-9b02-4ba18481cae1,took_assessment,2025-07-22 00:38:39.729851
be337ab9-46ee-42e2-9b02-4ba18481cae1,bookmarked_resource,2025-07-24 15:49:42.457854
be337ab9-46ee-42e2-9b02-4ba18481cae1,enrolled_program,2025-08-04 04:28:09.583687
be337ab9-46ee-42e2-9b02-4ba18481cae1,shared_content,2025-08-23 15:13:43.978411
be337ab9-46ee-42e2-9b02-4ba18481cae1,joined_community,2025-09-01 04:37:20.544817
bf9af53f-26bb-4b30-b467-a4dbdecb264e,completed_quiz,2025-03-29 20:35:39.153050
bf9af53f-26bb-4b30-b467-a4dbdecb264e,rated_course,2025-07-23 05:58:36.290423
bf9af53f-26bb-4b30-b467-a4dbdecb264e,viewed_video,2025-08-06 12:58:27.758572
c31453d4-6100-4378-ade8-e02fb6aee0fc,bookmarked_resource,2025-03-30 12:25:07.996779
c31453d4-6100-4378-ade8-e02fb6aee0fc,enrolled_program,2025-04-13 04:10:57.302010
c31453d4-6100-4378-ade8-e02fb6aee0fc,attended_webinar,2025-05-28 01:34:22.568995
c31453d4-6100-4378-ade8-e02fb6aee0fc,started_course,2025-06-27 07:55:57.965238
c31453d4-6100-4378-ade8-e02fb6aee0fc,opened_email,2025-07-06 09:33:01.938318
c3b91f4a-17f5-42cf-9237-7fe9e69203fe,viewed_video,2025-03-20 15:48:09.290138
c3b91f4a-17f5-42cf-9237-7fe9e69203fe,started_course,2025-04-21 05:05:52.648802
c3b91f4a-17f5-42cf-9237-7fe9e69203fe,clicked_link,2025-04-26 02:14:48.886703
c3b91f4a-17f5-42cf-9237-7fe9e69203fe,viewed_video,2025-05-12 09:28:04.395616
c3b91f4a-17f5-42cf-9237-7fe9e69203fe,attended_webinar,2025-06-23 22:42:21.263972
c3b91f4a-17f5-42cf-9237-7fe9e69203fe,attended_webinar,2025-07-17 03:25:09.713675
c3b91f4a-17f5-42cf-9237-7fe9e69203fe,downloaded_resource,2025-08-12 17:38:42.229617
c3b91f4a-17f5-42cf-9237-7fe9e69203fe,downloaded_resource,2025-08-18 21:51:43.246394
c3b91f4a-17f5-42cf-9237-7fe9e69203fe,attended_webinar,2025-08-27 06:27:43.880944
c3b91f4a-17f5-42cf-9237-7fe9e69203fe,joined_community,2025-08-29 13:14:21.082654
c3b91f4a-17f5-42cf-9237-7fe9e69203fe,rated_course,2025-09-04 02:08:41.462462
c7300269-73f2-466d-8849-b42d5ddc6dbb,shared_content,2025-03-20 12:04:35.791101
c7300269-73f2-466d-8849-b42d5ddc6dbb,clicked_link,2025-04-24 11:54:23.873234
c7300269-73f2-466d-8849-b42d5ddc6dbb,started_course,2025-04-27 18:40:24.617432
c7300269-73f2-466d-8849-b42d5ddc6dbb,joined_community,2025-05-22 17:45:10.609763
c7300269-73f2-466d-8849-b42d5ddc6dbb,joined_community,2025-06-11 20:27:07.226915
c7300269-73f2-466d-8849-b42d5ddc6dbb,finished_lesson,2025-06-25 09:43:51.103304
c7300269-73f2-466d-8849-b42d5ddc6dbb,finished_lesson,2025-06-29 05:41:35.334823
c7300269-73f2-466d-8849-b42d5ddc6dbb,downloaded_resource,2025-07-20 19:35:43.000261
c7300269-73f2-466d-8849-b42d5ddc6dbb,rated_course,2025-07-26 18:39:40.607042
c7300269-73f2-466d-8849-b42d5ddc6dbb,submitted_feedback,2025-08-31 18:32:17.418611
c88ad2f2-b9af-47b4-b364-2dd4c207a71c,finished_lesson,2025-03-14 05:10:38.559082
c88ad2f2-b9af-47b4-b364-2dd4c207a71c,rated_course,2025-03-17 20:38:21.280123
c88ad2f2-b9af-47b4-b364-2dd4c207a71c,finished_lesson,2025-03-18 07:48:55.965200
c88ad2f2-b9af-47b4-b364-2dd4c207a71c,opened_email,2025-04-02 08:09:08.718199
c88ad2f2-b9af-47b4-b364-2dd4c207a71c,finished_lesson,2025-04-30 17:31:30.267803
c88ad2f2-b9af-47b4-b364-2dd4c207a71c,finished_lesson,2025-05-05 22:35:44.489646
c88ad2f2-b9af-47b4-b364-2dd4c207a71c,finished_lesson,2025-05-21 07:22:24.173716
c88ad2f2-b9af-47b4-b364-2dd4c207a71c,attended_webinar,2025-06-22 04:42:30.366839
c88ad2f2-b9af-47b4-b364-2dd4c207a71c,shared_content,2025-06-29 20:34:21.267826
c88ad2f2-b9af-47b4-b364-2dd4c207a71c,shared_content,2025-07-07 23:31:24.481554
c88ad2f2-b9af-47b4-b364-2dd4c207a71c,downloaded_resource,2025-07-30 20:59:07.420514
c88ad2f2-b9af-47b4-b364-2dd4c207a71c,attended_webinar,2025-08-04 16:55:11.015510
c88ad2f2-b9af-47b4-b364-2dd4c207a71c,submitted_feedback,2025-08-21 05:52:36.664344
c88ad2f2-b9af-47b4-b364-2dd4c207a71c,started_course,2025-08-27 12:42:00.506933
c88ad2f2-b9af-47b4-b364-2dd4c207a71c,rated_course,2025-08-28 22:27:51.844022
ca6316ab-394c-44f6-b67a-b4b11250f4ef,finished_lesson,2025-04-22 15:46:26.682567
ca6316ab-394c-44f6-b67a-b4b11250f4ef,enrolled_program,2025-06-03 08:49:48.104911
ca6316ab-394c-44f6-b67a-b4b11250f4ef,opened_email,2025-07-03 01:50:00.874251
ca6316ab-394c-44f6-b67a-b4b11250f4ef,downloaded_resource,2025-08-19 06:27:11.043434
ca6316ab-394c-44f6-b67a-b4b11250f4ef,viewed_video,2025-09-04 01:40:03.685029
ccc3b6d0-6fbd-4030-873a-f1318bbf3529,shared_content,2025-05-27 09:57:31.413694
ccc3b6d0-6fbd-4030-873a-f1318bbf3529,viewed_video,2025-06-24 15:37:05.561466
ccc3b6d0-6fbd-4030-873a-f1318bbf3529,clicked_link,2025-07-22 14:10:37.464836
ccc3b6d0-6fbd-4030-873a-f1318bbf3529,started_course,2025-07-24 20:38:31.846028
ccc3b6d0-6fbd-4030-873a-f1318bbf3529,completed_quiz,2025-08-06 09:10:21.978191
ccc3b6d0-6fbd-4030-873a-f1318bbf3529,opened_email,2025-08-21 23:16:05.074145
cfda092d-61c4-476b-bc00-ba6691a31167,clicked_link,2025-04-04 03:44:43.621138
cfda092d-61c4-476b-bc00-ba6691a31167,viewed_video,2025-06-08 13:21:36.896763
cfda092d-61c4-476b-bc00-ba6691a31167,viewed_video,2025-06-22 04:20:57.240453
cfda092d-61c4-476b-bc00-ba6691a31167,attended_webinar,2025-07-31 00:22:25.766542
cfda092d-61c4-476b-bc00-ba6691a31167,submitted_feedback,2025-08-29 03:02:22.514144
cfda092d-61c4-476b-bc00-ba6691a31167,downloaded_resource,2025-08-29 22:09:57.508865
d4c27ed1-401e-47c8-b54b-824f0043c4b2,clicked_link,2025-03-17 02:21:33.283497
d4c27ed1-401e-47c8-b54b-824f0043c4b2,submitted_feedback,2025-04-11 04:17:26.765879
d4c27ed1-401e-47c8-b54b-824f0043c4b2,bookmarked_resource,2025-04-20 12:02:13.421575
d4c27ed1-401e-47c8-b54b-824f0043c4b2,took_assessment,2025-05-06 01:37:11.609174
d4c27ed1-401e-47c8-b54b-824f0043c4b2,downloaded_resource,2025-05-18 12:33:44.934393
d4c27ed1-401e-47c8-b54b-824f0043c4b2,rated_course,2025-05-24 10:55:44.332445
d4c27ed1-401e-47c8-b54b-824f0043c4b2,attended_webinar,2025-06-02 13:38:18.048017
d4c27ed1-401e-47c8-b54b-824f0043c4b2,joined_community,2025-06-11 16:52:19.082567
d4c27ed1-401e-47c8-b54b-824f0043c4b2,bookmarked_resource,2025-06-12 19:57:30.699265
d4c27ed1-401e-47c8-b54b-824f0043c4b2,clicked_link,2025-07-01 09:41:02.418071
d8bb0b83-a77a-423d-933d-5dbc2b219442,joined_community,2025-03-20 15:49:57.839468
d8bb0b83-a77a-423d-933d-5dbc2b219442,attended_webinar,2025-04-07 01:30:58.526315
d8bb0b83-a77a-423d-933d-5dbc2b219442,viewed_video,2025-04-23 16:22:47.719651
d8bb0b83-a77a-423d-933d-5dbc2b219442,completed_quiz,2025-05-03 06:07:49.819223
d8bb0b83-a77a-423d-933d-5dbc2b219442,opened_email,2025-06-07 02:10:09.408793
d8bb0b83-a77a-423d-933d-5dbc2b219442,finished_lesson,2025-07-14 07:44:14.168099
d8bb0b83-a77a-423d-933d-5dbc2b219442,rated_course,2025-07-16 22:45:16.930766
d8bb0b83-a77a-423d-933d-5dbc2b219442,shared_content,2025-07-27 18:03:13.903457
d8bb0b83-a77a-423d-933d-5dbc2b219442,bookmarked_resource,2025-08-01 16:17:30.218067
d8bb0b83-a77a-423d-933d-5dbc2b219442,downloaded_resource,2025-08-10 20:04:45.573257
e11c9b87-d878-494f-b5e0-c0db3b21e8d7,clicked_link,2025-03-31 04:40:11.525787
e11c9b87-d878-494f-b5e0-c0db3b21e8d7,shared_content,2025-05-24 10:55:02.202711
e11c9b87-d878-494f-b5e0-c0db3b21e8d7,completed_quiz,2025-07-21 16:23:22.102266
e11c9b87-d878-494f-b5e0-c0db3b21e8d7,submitted_feedback,2025-07-26 21:01:04.261246
e11c9b87-d878-494f-b5e0-c0db3b21e8d7,finished_lesson,2025-09-01 21:51:51.052903
ea9741ed-8682-4f61-8072-622f2e86d78c,opened_email,2025-04-19 19:52:08.140147
ea9741ed-8682-4f61-8072-622f2e86d78c,started_course,2025-05-07 11:51:50.579610
ea9741ed-8682-4f61-8072-622f2e86d78c,opened_email,2025-07-29 12:57:19.941840
efe64385-9202-4bfd-a30c-cc4fc9914bfb,submitted_feedback,2025-03-31 14:12:40.830731
efe64385-9202-4bfd-a30c-cc4fc9914bfb,finished_lesson,2025-04-04 16:37:17.569010
efe64385-9202-4bfd-a30c-cc4fc9914bfb,finished_lesson,2025-09-05 05:43:16.351624
f415bda9-ec5d-4209-8291-642da6c71f17,completed_quiz,2025-03-26 23:42:10.375801
f415bda9-ec5d-4209-8291-642da6c71f17,started_course,2025-05-12 01:32:22.550628
f415bda9-ec5d-4209-8291-642da6c71f17,submitted_feedback,2025-05-17 01:06:34.051934
f415bda9-ec5d-4209-8291-642da6c71f17,attended_webinar,2025-06-19 13:25:07.191985
f415bda9-ec5d-4209-8291-642da6c71f17,clicked_link,2025-07-13 07:58:30.241436
f415bda9-ec5d-4209-8291-642da6c71f17,viewed_video,2025-07-17 00:30:20.760013
f415bda9-ec5d-4209-8291-642da6c71f17,viewed_video,2025-08-19 22:57:44.460258
f415bda9-ec5d-4209-8291-642da6c71f17,enrolled_program,2025-08-25 13:02:40.892382
f415bda9-ec5d-4209-8291-642da6c71f17,started_course,2025-09-03 22:51:04.091600
f415bda9-ec5d-4209-8291-642da6c71f17,shared_content,2025-09-05 17:06:41.701802
f5d164b9-fca1-4934-ab07-ed542fc6e82b,took_assessment,2025-03-16 06:12:40.456611
f5d164b9-fca1-4934-ab07-ed542fc6e82b,bookmarked_resource,2025-04-04 17:24:39.451670
f5d164b9-fca1-4934-ab07-ed542fc6e82b,bookmarked_resource,2025-05-04 16:12:30.445205
f5d164b9-fca1-4934-ab07-ed542fc6e82b,finished_lesson,2025-07-20 20:11:33.138215
f5d164b9-fca1-4934-ab07-ed542fc6e82b,opened_email,2025-08-04 09:19:17.404696
f5d164b9-fca1-4934-ab07-ed542fc6e82b,bookmarked_resource,2025-08-27 16:26:43.460980
fc9e4b25-bfbd-4e28-94f2-9b1fa67ff4d7,finished_lesson,2025-05-11 01:04:42.327584
fc9e4b25-bfbd-4e28-94f2-9b1fa67ff4d7,joined_community,2025-06-25 06:29:37.171768
fc9e4b25-bfbd-4e28-94f2-9b1fa67ff4d7,opened_email,2025-08-07 09:32:14.173610
fe6fe58e-8e05-4643-b411-27219c9f6268,started_course,2025-03-14 23:26:25.891987
fe6fe58e-8e05-4643-b411-27219c9f6268,started_course,2025-03-22 02:18:00.639366
fe6fe58e-8e05-4643-b411-27219c9f6268,opened_email,2025-05-13 02:47:51.053246
fe6fe58e-8e05-4643-b411-27219c9f6268,opened_email,2025-06-05 04:24:11.231516
fe6fe58e-8e05-4643-b411-27219c9f6268,enrolled_program,2025-06-11 15:40:51.008395
fe6fe58e-8e05-4643-b411-27219c9f6268,took_assessment,2025-06-16 04:56:17.389746
fe6fe58e-8e05-4643-b411-27219c9f6268,enrolled_program,2025-06-29 20:21:48.824812
fe6fe58e-8e05-4643-b411-27219c9f6268,opened_email,2025-07-02 18:27:15.419841
fe6fe58e-8e05-4643-b411-27219c9f6268,downloaded_resource,2025-07-11 22:40:47.935251
fe6fe58e-8e05-4643-b411-27219c9f6268,started_course,2025-07-28 11:55:30.705404
fe6fe58e-8e05-4643-b411-27219c9f6268,downloaded_resource,2025-07-30 19:41:56.366490
fe6fe58e-8e05-4643-b411-27219c9f6268,viewed_video,2025-08-10 11:09:25.037590
fe6fe58e-8e05-4643-b411-27219c9f6268,enrolled_program,2025-08-14 13:01:14.885036
fe6fe58e-8e05-4643-b411-27219c9f6268,took_assessment,2025-08-15 17:31:51.483062
fe6fe58e-8e05-4643-b411-27219c9f6268,started_course,2025-08-24 14:00:41.586422
fe91743c-fe8e-4a5c-ae1f-2225e3e81a29,completed_quiz,2025-03-15 19:16:04.871578
fe91743c-fe8e-4a5c-ae1f-2225e3e81a29,attended_webinar,2025-04-01 14:51:24.564835
fe91743c-fe8e-4a5c-ae1f-2225e3e81a29,downloaded_resource,2025-06-12 04:49:15.393991
fe91743c-fe8e-4a5c-ae1f-2225e3e81a29,rated_course,2025-07-27 10:36:14.314208
